Blueprint,Graph,NodeTitle,NodeClass,PinName,PinCategory,PinDirection,LinkedNodeTitle,LinkedPinName
"BP_ParkourIK_Notify","Set Parkour IK","Set Parkour IK","K2Node_FunctionEntry","then","exec","Out","Cast To BP_SOTS_Player","execute"
"BP_ParkourIK_Notify","Set Parkour IK","Set Parkour IK","K2Node_FunctionEntry","ParkourIK_Enabled","bool","Out","Reroute Node","InputPin"
"BP_ParkourIK_Notify","Set Parkour IK","Get Player Character","K2Node_CallFunction","self","object","In","",""
"BP_ParkourIK_Notify","Set Parkour IK","Get Player Character","K2Node_CallFunction","WorldContextObject","object","In","",""
"BP_ParkourIK_Notify","Set Parkour IK","Get Player Character","K2Node_CallFunction","PlayerIndex","int","In","",""
"BP_ParkourIK_Notify","Set Parkour IK","Get Player Character","K2Node_CallFunction","ReturnValue","object","Out","Cast To BP_SOTS_Player","Object"
"BP_ParkourIK_Notify","Set Parkour IK","Cast To BP_SOTS_Player","K2Node_DynamicCast","execute","exec","In","Set Parkour IK","then"
"BP_ParkourIK_Notify","Set Parkour IK","Cast To BP_SOTS_Player","K2Node_DynamicCast","then","exec","Out","Cast To ABP_SandboxCharacterParkour","execute"
"BP_ParkourIK_Notify","Set Parkour IK","Cast To BP_SOTS_Player","K2Node_DynamicCast","CastFailed","exec","Out","",""
"BP_ParkourIK_Notify","Set Parkour IK","Cast To BP_SOTS_Player","K2Node_DynamicCast","Object","object","In","Get Player Character","ReturnValue"
"BP_ParkourIK_Notify","Set Parkour IK","Cast To BP_SOTS_Player","K2Node_DynamicCast","AsBP SOTS Player","object","Out","Get Mesh","self"
"BP_ParkourIK_Notify","Set Parkour IK","Cast To BP_SOTS_Player","K2Node_DynamicCast","bSuccess","bool","Out","",""
"BP_ParkourIK_Notify","Set Parkour IK","Get Anim Instance
Target is Skeletal Mesh Component","K2Node_CallFunction","self","object","In","Get Mesh","Mesh"
"BP_ParkourIK_Notify","Set Parkour IK","Get Anim Instance
Target is Skeletal Mesh Component","K2Node_CallFunction","ReturnValue","object","Out","Cast To ABP_SandboxCharacterParkour","Object"
"BP_ParkourIK_Notify","Set Parkour IK","Get Mesh","K2Node_VariableGet","Mesh","object","Out","Get Anim Instance
Target is Skeletal Mesh Component","self"
"BP_ParkourIK_Notify","Set Parkour IK","Get Mesh","K2Node_VariableGet","self","object","In","Cast To BP_SOTS_Player","AsBP SOTS Player"
"BP_ParkourIK_Notify","Set Parkour IK","Cast To ABP_SandboxCharacterParkour","K2Node_DynamicCast","execute","exec","In","Cast To BP_SOTS_Player","then"
"BP_ParkourIK_Notify","Set Parkour IK","Cast To ABP_SandboxCharacterParkour","K2Node_DynamicCast","then","exec","Out","Set ParkourIK_Enabled","execute"
"BP_ParkourIK_Notify","Set Parkour IK","Cast To ABP_SandboxCharacterParkour","K2Node_DynamicCast","CastFailed","exec","Out","",""
"BP_ParkourIK_Notify","Set Parkour IK","Cast To ABP_SandboxCharacterParkour","K2Node_DynamicCast","Object","object","In","Get Anim Instance
Target is Skeletal Mesh Component","ReturnValue"
"BP_ParkourIK_Notify","Set Parkour IK","Cast To ABP_SandboxCharacterParkour","K2Node_DynamicCast","AsABP Sandbox Character Parkour","object","Out","Set ParkourIK_Enabled","self"
"BP_ParkourIK_Notify","Set Parkour IK","Cast To ABP_SandboxCharacterParkour","K2Node_DynamicCast","bSuccess","bool","Out","",""
"BP_ParkourIK_Notify","Set Parkour IK","Set ParkourIK_Enabled","K2Node_VariableSet","execute","exec","In","Cast To ABP_SandboxCharacterParkour","then"
"BP_ParkourIK_Notify","Set Parkour IK","Set ParkourIK_Enabled","K2Node_VariableSet","then","exec","Out","Return Node","execute"
"BP_ParkourIK_Notify","Set Parkour IK","Set ParkourIK_Enabled","K2Node_VariableSet","ParkourIK_Enabled","bool","In","Reroute Node","OutputPin"
"BP_ParkourIK_Notify","Set Parkour IK","Set ParkourIK_Enabled","K2Node_VariableSet","Output_Get","bool","Out","",""
"BP_ParkourIK_Notify","Set Parkour IK","Set ParkourIK_Enabled","K2Node_VariableSet","self","object","In","Cast To ABP_SandboxCharacterParkour","AsABP Sandbox Character Parkour"
"BP_ParkourIK_Notify","Set Parkour IK","Return Node","K2Node_FunctionResult","execute","exec","In","Set ParkourIK_Enabled","then"
"BP_ParkourIK_Notify","Set Parkour IK","Reroute Node","K2Node_Knot","InputPin","bool","In","Reroute Node","OutputPin"
"BP_ParkourIK_Notify","Set Parkour IK","Reroute Node","K2Node_Knot","OutputPin","bool","Out","Set ParkourIK_Enabled","ParkourIK_Enabled"
"BP_ParkourIK_Notify","Set Parkour IK","Reroute Node","K2Node_Knot","InputPin","bool","In","Set Parkour IK","ParkourIK_Enabled"
"BP_ParkourIK_Notify","Set Parkour IK","Reroute Node","K2Node_Knot","OutputPin","bool","Out","Reroute Node","InputPin"
"BP_ParkourIK_Notify","Received_Notify","Received Notify","K2Node_FunctionEntry","then","exec","Out","Set Parkour IK
Target is BP Parkour IK Notify","execute"
"BP_ParkourIK_Notify","Received_Notify","Received Notify","K2Node_FunctionEntry","MeshComp","object","Out","",""
"BP_ParkourIK_Notify","Received_Notify","Received Notify","K2Node_FunctionEntry","Animation","object","Out","",""
"BP_ParkourIK_Notify","Received_Notify","Received Notify","K2Node_FunctionEntry","EventReference","struct","Out","",""
"BP_ParkourIK_Notify","Received_Notify","Return Node","K2Node_FunctionResult","execute","exec","In","Set Parkour IK
Target is BP Parkour IK Notify","then"
"BP_ParkourIK_Notify","Received_Notify","Return Node","K2Node_FunctionResult","ReturnValue","bool","In","",""
"BP_ParkourIK_Notify","Received_Notify","Set Parkour IK
Target is BP Parkour IK Notify","K2Node_CallFunction","execute","exec","In","Received Notify","then"
"BP_ParkourIK_Notify","Received_Notify","Set Parkour IK
Target is BP Parkour IK Notify","K2Node_CallFunction","then","exec","Out","Return Node","execute"
"BP_ParkourIK_Notify","Received_Notify","Set Parkour IK
Target is BP Parkour IK Notify","K2Node_CallFunction","self","object","In","",""
"BP_ParkourIK_Notify","Received_Notify","Set Parkour IK
Target is BP Parkour IK Notify","K2Node_CallFunction","ParkourIK_Enabled","bool","In","Get Parkour IK Enabled","Parkour IK Enabled"
"BP_ParkourIK_Notify","Received_Notify","Get Parkour IK Enabled","K2Node_VariableGet","Parkour IK Enabled","bool","Out","Set Parkour IK
Target is BP Parkour IK Notify","ParkourIK_Enabled"
"BP_ParkourIK_Notify","Received_Notify","Get Parkour IK Enabled","K2Node_VariableGet","self","object","In","",""